Campaign,Keyword,Criterion Type
NSS | S1 Commercial & Strata,washington,Campaign Negative Broad
NSS | S1 Commercial & Strata,wa,Campaign Negative Broad
NSS | S1 Commercial & Strata,vancouver wa,Campaign Negative Broad
NSS | S1 Commercial & Strata,vancouver washington,Campaign Negative Broad
NSS | S1 Commercial & Strata,portland,Campaign Negative Broad
NSS | S1 Commercial & Strata,seattle,Campaign Negative Broad
NSS | S1 Commercial & Strata,oregon,Campaign Negative Broad
NSS | S1 Commercial & Strata,job,Campaign Negative Broad
NSS | S1 Commercial & Strata,jobs,Campaign Negative Broad
NSS | S1 Commercial & Strata,hiring,Campaign Negative Broad
NSS | S1 Commercial & Strata,career,Campaign Negative Broad
NSS | S1 Commercial & Strata,careers,Campaign Negative Broad
NSS | S1 Commercial & Strata,salary,Campaign Negative Broad
NSS | S1 Commercial & Strata,wage,Campaign Negative Broad
NSS | S1 Commercial & Strata,employment,Campaign Negative Broad
NSS | S1 Commercial & Strata,resume,Campaign Negative Broad
NSS | S1 Commercial & Strata,equipment,Campaign Negative Broad
NSS | S1 Commercial & Strata,for sale,Campaign Negative Broad
NSS | S1 Commercial & Strata,rental,Campaign Negative Broad
NSS | S1 Commercial & Strata,rent,Campaign Negative Broad
NSS | S1 Commercial & Strata,used,Campaign Negative Broad
NSS | S1 Commercial & Strata,buy,Campaign Negative Broad
NSS | S1 Commercial & Strata,price list,Campaign Negative Broad
NSS | S1 Commercial & Strata,cost calculator,Campaign Negative Broad
NSS | S1 Commercial & Strata,snow blower,Campaign Negative Broad
NSS | S1 Commercial & Strata,snowblower,Campaign Negative Broad
NSS | S1 Commercial & Strata,plow truck,Campaign Negative Broad
NSS | S1 Commercial & Strata,plow blade,Campaign Negative Broad
NSS | S1 Commercial & Strata,snow plow attachment,Campaign Negative Broad
NSS | S1 Commercial & Strata,tractor,Campaign Negative Broad
NSS | S1 Commercial & Strata,diy,Campaign Negative Broad
NSS | S1 Commercial & Strata,how to,Campaign Negative Broad
NSS | S1 Commercial & Strata,yourself,Campaign Negative Broad
NSS | S1 Commercial & Strata,tutorial,Campaign Negative Broad
NSS | S1 Commercial & Strata,youtube,Campaign Negative Broad
NSS | S1 Commercial & Strata,city of,Campaign Negative Broad
NSS | S1 Commercial & Strata,municipal,Campaign Negative Broad
NSS | S1 Commercial & Strata,municipality,Campaign Negative Broad
NSS | S1 Commercial & Strata,highway,Campaign Negative Broad
NSS | S1 Commercial & Strata,provincial,Campaign Negative Broad
NSS | S1 Commercial & Strata,government tender,Campaign Negative Broad
NSS | S1 Commercial & Strata,whistler,Campaign Negative Broad
NSS | S1 Commercial & Strata,ski,Campaign Negative Broad
NSS | S1 Commercial & Strata,resort,Campaign Negative Broad
NSS | S1 Commercial & Strata,sun peaks,Campaign Negative Broad
NSS | S1 Commercial & Strata,kelowna,Campaign Negative Broad
NSS | S1 Commercial & Strata,calgary,Campaign Negative Broad
NSS | S1 Commercial & Strata,toronto,Campaign Negative Broad
NSS | S1 Commercial & Strata,ontario,Campaign Negative Broad
NSS | S1 Commercial & Strata,roof snow removal,Campaign Negative Broad
NSS | S1 Commercial & Strata,roof raking,Campaign Negative Broad
NSS | S1 Commercial & Strata,ice dam,Campaign Negative Broad
NSS | S1 Commercial & Strata,software,Campaign Negative Broad
NSS | S1 Commercial & Strata,app,Campaign Negative Broad
NSS | S1 Commercial & Strata,crm,Campaign Negative Broad
NSS | S1 Commercial & Strata,dispatch software,Campaign Negative Broad
NSS | S1 Commercial & Strata,free,Campaign Negative Broad
NSS | S1 Commercial & Strata,cheap,Campaign Negative Broad
NSS | S1 Commercial & Strata,volunteer,Campaign Negative Broad
NSS | S1 Commercial & Strata,snow angel,Campaign Negative Broad
NSS | S1 Commercial & Strata,burnaby,Campaign Negative Broad
NSS | S1 Commercial & Strata,coquitlam,Campaign Negative Broad
NSS | S1 Commercial & Strata,port coquitlam,Campaign Negative Broad
NSS | S1 Commercial & Strata,port moody,Campaign Negative Broad
NSS | S1 Commercial & Strata,maple ridge,Campaign Negative Broad
NSS | S1 Commercial & Strata,pitt meadows,Campaign Negative Broad
NSS | S1 Commercial & Strata,surrey,Campaign Negative Broad
NSS | S1 Commercial & Strata,white rock,Campaign Negative Broad
NSS | S1 Commercial & Strata,langley,Campaign Negative Broad
NSS | S1 Commercial & Strata,aldergrove,Campaign Negative Broad
NSS | S1 Commercial & Strata,abbotsford,Campaign Negative Broad
NSS | S1 Commercial & Strata,chilliwack,Campaign Negative Broad
NSS | S1 Commercial & Strata,new westminster,Campaign Negative Broad
NSS | S1 Commercial & Strata,richmond,Campaign Negative Broad
NSS | S1 Commercial & Strata,delta bc,Campaign Negative Broad
NSS | S1 Commercial & Strata,tsawwassen,Campaign Negative Broad
NSS | S1 Commercial & Strata,ladner,Campaign Negative Broad
NSS | S1 Commercial & Strata,mission bc,Campaign Negative Broad
NSS | S1 Commercial & Strata,squamish,Campaign Negative Broad
NSS | S1 Commercial & Strata,sechelt,Campaign Negative Broad
NSS | S1 Commercial & Strata,gibsons,Campaign Negative Broad
NSS | S1 Commercial & Strata,bowen island,Campaign Negative Broad
NSS | S1 Commercial & Strata,anmore,Campaign Negative Broad
NSS | S1 Commercial & Strata,belcarra,Campaign Negative Broad
NSS | S1 Commercial & Strata,edmonton,Campaign Negative Broad
NSS | S1 Commercial & Strata,kitchener,Campaign Negative Broad
NSS | S1 Commercial & Strata,winnipeg,Campaign Negative Broad
NSS | S1 Commercial & Strata,ottawa,Campaign Negative Broad
NSS | S1 Commercial & Strata,montreal,Campaign Negative Broad
NSS | S1 Commercial & Strata,saskatoon,Campaign Negative Broad
NSS | S1 Commercial & Strata,regina,Campaign Negative Broad
NSS | S1 Commercial & Strata,halifax,Campaign Negative Broad
NSS | S1 Commercial & Strata,nanaimo,Campaign Negative Broad
NSS | S1 Commercial & Strata,kamloops,Campaign Negative Broad
NSS | S1 Commercial & Strata,victoria bc,Campaign Negative Broad
NSS | S1 Commercial & Strata,john deere,Campaign Negative Broad
NSS | S1 Commercial & Strata,orec,Campaign Negative Broad
NSS | S1 Commercial & Strata,snow rhino,Campaign Negative Broad
NSS | S1 Commercial & Strata,western blade,Campaign Negative Broad
NSS | S1 Commercial & Strata,toro,Campaign Negative Broad
NSS | S1 Commercial & Strata,ariens,Campaign Negative Broad
NSS | S1 Commercial & Strata,honda snow,Campaign Negative Broad
NSS | S1 Commercial & Strata,electric snow shovel,Campaign Negative Broad
NSS | S1 Commercial & Strata,snow shovel,Campaign Negative Broad
NSS | S1 Commercial & Strata,shovel for,Campaign Negative Broad
NSS | S1 Commercial & Strata,business,Campaign Negative Broad
NSS | S1 Commercial & Strata,start a,Campaign Negative Broad
NSS | S1 Commercial & Strata,contract template,Campaign Negative Broad
NSS | S1 Commercial & Strata,invoice template,Campaign Negative Broad
NSS | S1 Commercial & Strata,how much to charge,Campaign Negative Broad
NSS | S1 Commercial & Strata,per hour rate,Campaign Negative Broad
NSS | S1 Commercial & Strata,residential,Campaign Negative Broad
NSS | S1 Commercial & Strata,driveway,Campaign Negative Broad
NSS | S1 Commercial & Strata,my house,Campaign Negative Broad
NSS | S1 Commercial & Strata,my home,Campaign Negative Broad
NSS | S1 Commercial & Strata,homeowner,Campaign Negative Broad
NSS | S1 Commercial & Strata,single family,Campaign Negative Broad
NSS | S2 Residential,washington,Campaign Negative Broad
NSS | S2 Residential,wa,Campaign Negative Broad
NSS | S2 Residential,vancouver wa,Campaign Negative Broad
NSS | S2 Residential,vancouver washington,Campaign Negative Broad
NSS | S2 Residential,portland,Campaign Negative Broad
NSS | S2 Residential,seattle,Campaign Negative Broad
NSS | S2 Residential,oregon,Campaign Negative Broad
NSS | S2 Residential,job,Campaign Negative Broad
NSS | S2 Residential,jobs,Campaign Negative Broad
NSS | S2 Residential,hiring,Campaign Negative Broad
NSS | S2 Residential,career,Campaign Negative Broad
NSS | S2 Residential,careers,Campaign Negative Broad
NSS | S2 Residential,salary,Campaign Negative Broad
NSS | S2 Residential,wage,Campaign Negative Broad
NSS | S2 Residential,employment,Campaign Negative Broad
NSS | S2 Residential,resume,Campaign Negative Broad
NSS | S2 Residential,equipment,Campaign Negative Broad
NSS | S2 Residential,for sale,Campaign Negative Broad
NSS | S2 Residential,rental,Campaign Negative Broad
NSS | S2 Residential,rent,Campaign Negative Broad
NSS | S2 Residential,used,Campaign Negative Broad
NSS | S2 Residential,buy,Campaign Negative Broad
NSS | S2 Residential,price list,Campaign Negative Broad
NSS | S2 Residential,cost calculator,Campaign Negative Broad
NSS | S2 Residential,snow blower,Campaign Negative Broad
NSS | S2 Residential,snowblower,Campaign Negative Broad
NSS | S2 Residential,plow truck,Campaign Negative Broad
NSS | S2 Residential,plow blade,Campaign Negative Broad
NSS | S2 Residential,snow plow attachment,Campaign Negative Broad
NSS | S2 Residential,tractor,Campaign Negative Broad
NSS | S2 Residential,diy,Campaign Negative Broad
NSS | S2 Residential,how to,Campaign Negative Broad
NSS | S2 Residential,yourself,Campaign Negative Broad
NSS | S2 Residential,tutorial,Campaign Negative Broad
NSS | S2 Residential,youtube,Campaign Negative Broad
NSS | S2 Residential,city of,Campaign Negative Broad
NSS | S2 Residential,municipal,Campaign Negative Broad
NSS | S2 Residential,municipality,Campaign Negative Broad
NSS | S2 Residential,highway,Campaign Negative Broad
NSS | S2 Residential,provincial,Campaign Negative Broad
NSS | S2 Residential,government tender,Campaign Negative Broad
NSS | S2 Residential,whistler,Campaign Negative Broad
NSS | S2 Residential,ski,Campaign Negative Broad
NSS | S2 Residential,resort,Campaign Negative Broad
NSS | S2 Residential,sun peaks,Campaign Negative Broad
NSS | S2 Residential,kelowna,Campaign Negative Broad
NSS | S2 Residential,calgary,Campaign Negative Broad
NSS | S2 Residential,toronto,Campaign Negative Broad
NSS | S2 Residential,ontario,Campaign Negative Broad
NSS | S2 Residential,roof snow removal,Campaign Negative Broad
NSS | S2 Residential,roof raking,Campaign Negative Broad
NSS | S2 Residential,ice dam,Campaign Negative Broad
NSS | S2 Residential,software,Campaign Negative Broad
NSS | S2 Residential,app,Campaign Negative Broad
NSS | S2 Residential,crm,Campaign Negative Broad
NSS | S2 Residential,dispatch software,Campaign Negative Broad
NSS | S2 Residential,free,Campaign Negative Broad
NSS | S2 Residential,cheap,Campaign Negative Broad
NSS | S2 Residential,volunteer,Campaign Negative Broad
NSS | S2 Residential,snow angel,Campaign Negative Broad
NSS | S2 Residential,burnaby,Campaign Negative Broad
NSS | S2 Residential,coquitlam,Campaign Negative Broad
NSS | S2 Residential,port coquitlam,Campaign Negative Broad
NSS | S2 Residential,port moody,Campaign Negative Broad
NSS | S2 Residential,maple ridge,Campaign Negative Broad
NSS | S2 Residential,pitt meadows,Campaign Negative Broad
NSS | S2 Residential,surrey,Campaign Negative Broad
NSS | S2 Residential,white rock,Campaign Negative Broad
NSS | S2 Residential,langley,Campaign Negative Broad
NSS | S2 Residential,aldergrove,Campaign Negative Broad
NSS | S2 Residential,abbotsford,Campaign Negative Broad
NSS | S2 Residential,chilliwack,Campaign Negative Broad
NSS | S2 Residential,new westminster,Campaign Negative Broad
NSS | S2 Residential,richmond,Campaign Negative Broad
NSS | S2 Residential,delta bc,Campaign Negative Broad
NSS | S2 Residential,tsawwassen,Campaign Negative Broad
NSS | S2 Residential,ladner,Campaign Negative Broad
NSS | S2 Residential,mission bc,Campaign Negative Broad
NSS | S2 Residential,squamish,Campaign Negative Broad
NSS | S2 Residential,sechelt,Campaign Negative Broad
NSS | S2 Residential,gibsons,Campaign Negative Broad
NSS | S2 Residential,bowen island,Campaign Negative Broad
NSS | S2 Residential,anmore,Campaign Negative Broad
NSS | S2 Residential,belcarra,Campaign Negative Broad
NSS | S2 Residential,edmonton,Campaign Negative Broad
NSS | S2 Residential,kitchener,Campaign Negative Broad
NSS | S2 Residential,winnipeg,Campaign Negative Broad
NSS | S2 Residential,ottawa,Campaign Negative Broad
NSS | S2 Residential,montreal,Campaign Negative Broad
NSS | S2 Residential,saskatoon,Campaign Negative Broad
NSS | S2 Residential,regina,Campaign Negative Broad
NSS | S2 Residential,halifax,Campaign Negative Broad
NSS | S2 Residential,nanaimo,Campaign Negative Broad
NSS | S2 Residential,kamloops,Campaign Negative Broad
NSS | S2 Residential,victoria bc,Campaign Negative Broad
NSS | S2 Residential,john deere,Campaign Negative Broad
NSS | S2 Residential,orec,Campaign Negative Broad
NSS | S2 Residential,snow rhino,Campaign Negative Broad
NSS | S2 Residential,western blade,Campaign Negative Broad
NSS | S2 Residential,toro,Campaign Negative Broad
NSS | S2 Residential,ariens,Campaign Negative Broad
NSS | S2 Residential,honda snow,Campaign Negative Broad
NSS | S2 Residential,electric snow shovel,Campaign Negative Broad
NSS | S2 Residential,snow shovel,Campaign Negative Broad
NSS | S2 Residential,shovel for,Campaign Negative Broad
NSS | S2 Residential,business,Campaign Negative Broad
NSS | S2 Residential,start a,Campaign Negative Broad
NSS | S2 Residential,contract template,Campaign Negative Broad
NSS | S2 Residential,invoice template,Campaign Negative Broad
NSS | S2 Residential,how much to charge,Campaign Negative Broad
NSS | S2 Residential,per hour rate,Campaign Negative Broad
NSS | S2 Residential,commercial,Campaign Negative Broad
NSS | S2 Residential,strata,Campaign Negative Broad
NSS | S2 Residential,parking lot,Campaign Negative Broad
NSS | S2 Residential,warehouse,Campaign Negative Broad
NSS | S2 Residential,industrial,Campaign Negative Broad
NSS | S2 Residential,contract rfp,Campaign Negative Broad
NSS | S3 Storm Surge,washington,Campaign Negative Broad
NSS | S3 Storm Surge,wa,Campaign Negative Broad
NSS | S3 Storm Surge,vancouver wa,Campaign Negative Broad
NSS | S3 Storm Surge,vancouver washington,Campaign Negative Broad
NSS | S3 Storm Surge,portland,Campaign Negative Broad
NSS | S3 Storm Surge,seattle,Campaign Negative Broad
NSS | S3 Storm Surge,oregon,Campaign Negative Broad
NSS | S3 Storm Surge,job,Campaign Negative Broad
NSS | S3 Storm Surge,jobs,Campaign Negative Broad
NSS | S3 Storm Surge,hiring,Campaign Negative Broad
NSS | S3 Storm Surge,career,Campaign Negative Broad
NSS | S3 Storm Surge,careers,Campaign Negative Broad
NSS | S3 Storm Surge,salary,Campaign Negative Broad
NSS | S3 Storm Surge,wage,Campaign Negative Broad
NSS | S3 Storm Surge,employment,Campaign Negative Broad
NSS | S3 Storm Surge,resume,Campaign Negative Broad
NSS | S3 Storm Surge,equipment,Campaign Negative Broad
NSS | S3 Storm Surge,for sale,Campaign Negative Broad
NSS | S3 Storm Surge,rental,Campaign Negative Broad
NSS | S3 Storm Surge,rent,Campaign Negative Broad
NSS | S3 Storm Surge,used,Campaign Negative Broad
NSS | S3 Storm Surge,buy,Campaign Negative Broad
NSS | S3 Storm Surge,price list,Campaign Negative Broad
NSS | S3 Storm Surge,cost calculator,Campaign Negative Broad
NSS | S3 Storm Surge,snow blower,Campaign Negative Broad
NSS | S3 Storm Surge,snowblower,Campaign Negative Broad
NSS | S3 Storm Surge,plow truck,Campaign Negative Broad
NSS | S3 Storm Surge,plow blade,Campaign Negative Broad
NSS | S3 Storm Surge,snow plow attachment,Campaign Negative Broad
NSS | S3 Storm Surge,tractor,Campaign Negative Broad
NSS | S3 Storm Surge,diy,Campaign Negative Broad
NSS | S3 Storm Surge,how to,Campaign Negative Broad
NSS | S3 Storm Surge,yourself,Campaign Negative Broad
NSS | S3 Storm Surge,tutorial,Campaign Negative Broad
NSS | S3 Storm Surge,youtube,Campaign Negative Broad
NSS | S3 Storm Surge,city of,Campaign Negative Broad
NSS | S3 Storm Surge,municipal,Campaign Negative Broad
NSS | S3 Storm Surge,municipality,Campaign Negative Broad
NSS | S3 Storm Surge,highway,Campaign Negative Broad
NSS | S3 Storm Surge,provincial,Campaign Negative Broad
NSS | S3 Storm Surge,government tender,Campaign Negative Broad
NSS | S3 Storm Surge,whistler,Campaign Negative Broad
NSS | S3 Storm Surge,ski,Campaign Negative Broad
NSS | S3 Storm Surge,resort,Campaign Negative Broad
NSS | S3 Storm Surge,sun peaks,Campaign Negative Broad
NSS | S3 Storm Surge,kelowna,Campaign Negative Broad
NSS | S3 Storm Surge,calgary,Campaign Negative Broad
NSS | S3 Storm Surge,toronto,Campaign Negative Broad
NSS | S3 Storm Surge,ontario,Campaign Negative Broad
NSS | S3 Storm Surge,roof snow removal,Campaign Negative Broad
NSS | S3 Storm Surge,roof raking,Campaign Negative Broad
NSS | S3 Storm Surge,ice dam,Campaign Negative Broad
NSS | S3 Storm Surge,software,Campaign Negative Broad
NSS | S3 Storm Surge,app,Campaign Negative Broad
NSS | S3 Storm Surge,crm,Campaign Negative Broad
NSS | S3 Storm Surge,dispatch software,Campaign Negative Broad
NSS | S3 Storm Surge,free,Campaign Negative Broad
NSS | S3 Storm Surge,cheap,Campaign Negative Broad
NSS | S3 Storm Surge,volunteer,Campaign Negative Broad
NSS | S3 Storm Surge,snow angel,Campaign Negative Broad
NSS | S3 Storm Surge,burnaby,Campaign Negative Broad
NSS | S3 Storm Surge,coquitlam,Campaign Negative Broad
NSS | S3 Storm Surge,port coquitlam,Campaign Negative Broad
NSS | S3 Storm Surge,port moody,Campaign Negative Broad
NSS | S3 Storm Surge,maple ridge,Campaign Negative Broad
NSS | S3 Storm Surge,pitt meadows,Campaign Negative Broad
NSS | S3 Storm Surge,surrey,Campaign Negative Broad
NSS | S3 Storm Surge,white rock,Campaign Negative Broad
NSS | S3 Storm Surge,langley,Campaign Negative Broad
NSS | S3 Storm Surge,aldergrove,Campaign Negative Broad
NSS | S3 Storm Surge,abbotsford,Campaign Negative Broad
NSS | S3 Storm Surge,chilliwack,Campaign Negative Broad
NSS | S3 Storm Surge,new westminster,Campaign Negative Broad
NSS | S3 Storm Surge,richmond,Campaign Negative Broad
NSS | S3 Storm Surge,delta bc,Campaign Negative Broad
NSS | S3 Storm Surge,tsawwassen,Campaign Negative Broad
NSS | S3 Storm Surge,ladner,Campaign Negative Broad
NSS | S3 Storm Surge,mission bc,Campaign Negative Broad
NSS | S3 Storm Surge,squamish,Campaign Negative Broad
NSS | S3 Storm Surge,sechelt,Campaign Negative Broad
NSS | S3 Storm Surge,gibsons,Campaign Negative Broad
NSS | S3 Storm Surge,bowen island,Campaign Negative Broad
NSS | S3 Storm Surge,anmore,Campaign Negative Broad
NSS | S3 Storm Surge,belcarra,Campaign Negative Broad
NSS | S3 Storm Surge,edmonton,Campaign Negative Broad
NSS | S3 Storm Surge,kitchener,Campaign Negative Broad
NSS | S3 Storm Surge,winnipeg,Campaign Negative Broad
NSS | S3 Storm Surge,ottawa,Campaign Negative Broad
NSS | S3 Storm Surge,montreal,Campaign Negative Broad
NSS | S3 Storm Surge,saskatoon,Campaign Negative Broad
NSS | S3 Storm Surge,regina,Campaign Negative Broad
NSS | S3 Storm Surge,halifax,Campaign Negative Broad
NSS | S3 Storm Surge,nanaimo,Campaign Negative Broad
NSS | S3 Storm Surge,kamloops,Campaign Negative Broad
NSS | S3 Storm Surge,victoria bc,Campaign Negative Broad
NSS | S3 Storm Surge,john deere,Campaign Negative Broad
NSS | S3 Storm Surge,orec,Campaign Negative Broad
NSS | S3 Storm Surge,snow rhino,Campaign Negative Broad
NSS | S3 Storm Surge,western blade,Campaign Negative Broad
NSS | S3 Storm Surge,toro,Campaign Negative Broad
NSS | S3 Storm Surge,ariens,Campaign Negative Broad
NSS | S3 Storm Surge,honda snow,Campaign Negative Broad
NSS | S3 Storm Surge,electric snow shovel,Campaign Negative Broad
NSS | S3 Storm Surge,snow shovel,Campaign Negative Broad
NSS | S3 Storm Surge,shovel for,Campaign Negative Broad
NSS | S3 Storm Surge,business,Campaign Negative Broad
NSS | S3 Storm Surge,start a,Campaign Negative Broad
NSS | S3 Storm Surge,contract template,Campaign Negative Broad
NSS | S3 Storm Surge,invoice template,Campaign Negative Broad
NSS | S3 Storm Surge,how much to charge,Campaign Negative Broad
NSS | S3 Storm Surge,per hour rate,Campaign Negative Broad
NSS | S4 Brand,washington,Campaign Negative Broad
NSS | S4 Brand,wa,Campaign Negative Broad
NSS | S4 Brand,vancouver wa,Campaign Negative Broad
NSS | S4 Brand,vancouver washington,Campaign Negative Broad
NSS | S4 Brand,portland,Campaign Negative Broad
NSS | S4 Brand,seattle,Campaign Negative Broad
NSS | S4 Brand,oregon,Campaign Negative Broad
NSS | S4 Brand,job,Campaign Negative Broad
NSS | S4 Brand,jobs,Campaign Negative Broad
NSS | S4 Brand,hiring,Campaign Negative Broad
NSS | S4 Brand,career,Campaign Negative Broad
NSS | S4 Brand,careers,Campaign Negative Broad
NSS | S4 Brand,salary,Campaign Negative Broad
NSS | S4 Brand,wage,Campaign Negative Broad
NSS | S4 Brand,employment,Campaign Negative Broad
NSS | S4 Brand,resume,Campaign Negative Broad
NSS | S4 Brand,equipment,Campaign Negative Broad
NSS | S4 Brand,for sale,Campaign Negative Broad
NSS | S4 Brand,rental,Campaign Negative Broad
NSS | S4 Brand,rent,Campaign Negative Broad
NSS | S4 Brand,used,Campaign Negative Broad
NSS | S4 Brand,buy,Campaign Negative Broad
NSS | S4 Brand,price list,Campaign Negative Broad
NSS | S4 Brand,cost calculator,Campaign Negative Broad
NSS | S4 Brand,snow blower,Campaign Negative Broad
NSS | S4 Brand,snowblower,Campaign Negative Broad
NSS | S4 Brand,plow truck,Campaign Negative Broad
NSS | S4 Brand,plow blade,Campaign Negative Broad
NSS | S4 Brand,snow plow attachment,Campaign Negative Broad
NSS | S4 Brand,tractor,Campaign Negative Broad
NSS | S4 Brand,diy,Campaign Negative Broad
NSS | S4 Brand,how to,Campaign Negative Broad
NSS | S4 Brand,yourself,Campaign Negative Broad
NSS | S4 Brand,tutorial,Campaign Negative Broad
NSS | S4 Brand,youtube,Campaign Negative Broad
NSS | S4 Brand,city of,Campaign Negative Broad
NSS | S4 Brand,municipal,Campaign Negative Broad
NSS | S4 Brand,municipality,Campaign Negative Broad
NSS | S4 Brand,highway,Campaign Negative Broad
NSS | S4 Brand,provincial,Campaign Negative Broad
NSS | S4 Brand,government tender,Campaign Negative Broad
NSS | S4 Brand,whistler,Campaign Negative Broad
NSS | S4 Brand,ski,Campaign Negative Broad
NSS | S4 Brand,resort,Campaign Negative Broad
NSS | S4 Brand,sun peaks,Campaign Negative Broad
NSS | S4 Brand,kelowna,Campaign Negative Broad
NSS | S4 Brand,calgary,Campaign Negative Broad
NSS | S4 Brand,toronto,Campaign Negative Broad
NSS | S4 Brand,ontario,Campaign Negative Broad
NSS | S4 Brand,roof snow removal,Campaign Negative Broad
NSS | S4 Brand,roof raking,Campaign Negative Broad
NSS | S4 Brand,ice dam,Campaign Negative Broad
NSS | S4 Brand,software,Campaign Negative Broad
NSS | S4 Brand,app,Campaign Negative Broad
NSS | S4 Brand,crm,Campaign Negative Broad
NSS | S4 Brand,dispatch software,Campaign Negative Broad
NSS | S4 Brand,free,Campaign Negative Broad
NSS | S4 Brand,cheap,Campaign Negative Broad
NSS | S4 Brand,volunteer,Campaign Negative Broad
NSS | S4 Brand,snow angel,Campaign Negative Broad
NSS | S4 Brand,burnaby,Campaign Negative Broad
NSS | S4 Brand,coquitlam,Campaign Negative Broad
NSS | S4 Brand,port coquitlam,Campaign Negative Broad
NSS | S4 Brand,port moody,Campaign Negative Broad
NSS | S4 Brand,maple ridge,Campaign Negative Broad
NSS | S4 Brand,pitt meadows,Campaign Negative Broad
NSS | S4 Brand,surrey,Campaign Negative Broad
NSS | S4 Brand,white rock,Campaign Negative Broad
NSS | S4 Brand,langley,Campaign Negative Broad
NSS | S4 Brand,aldergrove,Campaign Negative Broad
NSS | S4 Brand,abbotsford,Campaign Negative Broad
NSS | S4 Brand,chilliwack,Campaign Negative Broad
NSS | S4 Brand,new westminster,Campaign Negative Broad
NSS | S4 Brand,richmond,Campaign Negative Broad
NSS | S4 Brand,delta bc,Campaign Negative Broad
NSS | S4 Brand,tsawwassen,Campaign Negative Broad
NSS | S4 Brand,ladner,Campaign Negative Broad
NSS | S4 Brand,mission bc,Campaign Negative Broad
NSS | S4 Brand,squamish,Campaign Negative Broad
NSS | S4 Brand,sechelt,Campaign Negative Broad
NSS | S4 Brand,gibsons,Campaign Negative Broad
NSS | S4 Brand,bowen island,Campaign Negative Broad
NSS | S4 Brand,anmore,Campaign Negative Broad
NSS | S4 Brand,belcarra,Campaign Negative Broad
NSS | S4 Brand,edmonton,Campaign Negative Broad
NSS | S4 Brand,kitchener,Campaign Negative Broad
NSS | S4 Brand,winnipeg,Campaign Negative Broad
NSS | S4 Brand,ottawa,Campaign Negative Broad
NSS | S4 Brand,montreal,Campaign Negative Broad
NSS | S4 Brand,saskatoon,Campaign Negative Broad
NSS | S4 Brand,regina,Campaign Negative Broad
NSS | S4 Brand,halifax,Campaign Negative Broad
NSS | S4 Brand,nanaimo,Campaign Negative Broad
NSS | S4 Brand,kamloops,Campaign Negative Broad
NSS | S4 Brand,victoria bc,Campaign Negative Broad
NSS | S4 Brand,john deere,Campaign Negative Broad
NSS | S4 Brand,orec,Campaign Negative Broad
NSS | S4 Brand,snow rhino,Campaign Negative Broad
NSS | S4 Brand,western blade,Campaign Negative Broad
NSS | S4 Brand,toro,Campaign Negative Broad
NSS | S4 Brand,ariens,Campaign Negative Broad
NSS | S4 Brand,honda snow,Campaign Negative Broad
NSS | S4 Brand,electric snow shovel,Campaign Negative Broad
NSS | S4 Brand,snow shovel,Campaign Negative Broad
NSS | S4 Brand,shovel for,Campaign Negative Broad
NSS | S4 Brand,business,Campaign Negative Broad
NSS | S4 Brand,start a,Campaign Negative Broad
NSS | S4 Brand,contract template,Campaign Negative Broad
NSS | S4 Brand,invoice template,Campaign Negative Broad
NSS | S4 Brand,how much to charge,Campaign Negative Broad
NSS | S4 Brand,per hour rate,Campaign Negative Broad
